{
  "episode": 474,
  "score": 70.65423099661322,
  "total_steps": 0,
  "learn_steps": 0,
  "timestamp": 1760901687.4441812,
  "action_mode": "hierarchical"
}